<?xml version = '1.0' encoding = 'UTF-8'?>
<Entity class="oracle.dbtools.crest.model.design.logical.Entity" directorySegmentName="seg_0" id="26DEE97C-BF56-159B-0516-B27516527549" name="T_card">
<createdBy>cegg</createdBy>
<createdTime>2023-05-29 22:26:45 UTC</createdTime>
<ownerDesignName>modelo_relacional_logico</ownerDesignName>
<engineerTo>
<item key="0E798BAB-A22C-E3BA-B2C9-EBB5F14A9234" value="true"/>
</engineerTo>
<adequatelyNormalized>NO</adequatelyNormalized>
<expectedVolumes>0</expectedVolumes>
<fwdEngineeringStrategyName>Single Table</fwdEngineeringStrategyName>
<growthPercent>0</growthPercent>
<growthType>Year</growthType>
<maxVolumes>9999999</maxVolumes>
<minVolumes>0</minVolumes>
<normalForm>Third</normalForm>
<attributes itemClass="oracle.dbtools.crest.model.design.logical.Attribute">
<Attribute name="card_number" id="879320F4-F88D-6673-F1A7-D0749D86DEF7">
<createdBy>cegg</createdBy>
<createdTime>2023-05-29 22:27:05 UTC</createdTime>
<ownerDesignName>modelo_relacional_logico</ownerDesignName>
<engineerTo>
<item key="0E798BAB-A22C-E3BA-B2C9-EBB5F14A9234" value="true"/>
</engineerTo>
<useDomainConstraints>false</useDomainConstraints>
<use>1</use>
<logicalDatatype>LOGDT011</logicalDatatype>
<ownDataTypeParameters>,,</ownDataTypeParameters>
</Attribute>
<Attribute name="fatura_atual" id="0ABE3FC7-7866-1DE6-2B37-F36135FB5DFB">
<createdBy>cegg</createdBy>
<createdTime>2023-05-29 22:30:40 UTC</createdTime>
<ownerDesignName>modelo_relacional_logico</ownerDesignName>
<engineerTo>
<item key="0E798BAB-A22C-E3BA-B2C9-EBB5F14A9234" value="true"/>
</engineerTo>
<useDomainConstraints>false</useDomainConstraints>
<use>1</use>
<logicalDatatype>LOGDT021</logicalDatatype>
<ownDataTypeParameters>,,</ownDataTypeParameters>
</Attribute>
<Attribute name="vencimento_fatura" id="0298056A-8409-0776-7207-9F2ADB77DEA4">
<createdBy>cegg</createdBy>
<createdTime>2023-05-29 22:31:27 UTC</createdTime>
<ownerDesignName>modelo_relacional_logico</ownerDesignName>
<engineerTo>
<item key="0E798BAB-A22C-E3BA-B2C9-EBB5F14A9234" value="true"/>
</engineerTo>
<useDomainConstraints>false</useDomainConstraints>
<use>1</use>
<logicalDatatype>LOGDT007</logicalDatatype>
<ownDataTypeParameters>,,</ownDataTypeParameters>
</Attribute>
<Attribute name="cod_user" id="0795B4B1-CCF8-2C63-A564-F05A80B79EA7">
<createdBy>cegg</createdBy>
<createdTime>2023-05-29 22:36:05 UTC</createdTime>
<generatorID>F02E1941-EE7D-4D86-BFC3-B14601A27EF2</generatorID>
<ownerDesignName>modelo_relacional_logico</ownerDesignName>
<engineerTo>
<item key="0E798BAB-A22C-E3BA-B2C9-EBB5F14A9234" value="true"/>
</engineerTo>
<referedAttribute>93C14A29-0AD4-5DF4-EC94-A44A87763C7D</referedAttribute>
<useDomainConstraints>false</useDomainConstraints>
<use>1</use>
<logicalDatatype>LOGDT011</logicalDatatype>
<ownDataTypeParameters>,,</ownDataTypeParameters>
</Attribute>
</attributes>
<identifiers itemClass="oracle.dbtools.crest.model.design.logical.CandidateKey">
<identifier id="F62FCC5A-070A-C6F1-C81E-558367761047" name="T_card PK">
<createdBy>cegg</createdBy>
<createdTime>2023-05-29 22:29:51 UTC</createdTime>
<ownerDesignName>modelo_relacional_logico</ownerDesignName>
<engineerTo>
<item key="0E798BAB-A22C-E3BA-B2C9-EBB5F14A9234" value="true"/>
</engineerTo>
<pk>true</pk>
<usedAttributes>
<attributeRef>879320F4-F88D-6673-F1A7-D0749D86DEF7</attributeRef>
</usedAttributes>
</identifier>
</identifiers>
</Entity>