<?xml version = '1.0' encoding = 'UTF-8'?>
<Entity class="oracle.dbtools.crest.model.design.logical.Entity" directorySegmentName="seg_0" id="A7D33B4C-A3B7-0CC1-0515-0F8D3A53BE3D" name="T_MOVIMENTACAO">
<createdBy>cegg</createdBy>
<createdTime>2023-05-29 22:32:31 UTC</createdTime>
<ownerDesignName>modelo_relacional_logico</ownerDesignName>
<engineerTo>
<item key="0E798BAB-A22C-E3BA-B2C9-EBB5F14A9234" value="true"/>
</engineerTo>
<adequatelyNormalized>NO</adequatelyNormalized>
<expectedVolumes>0</expectedVolumes>
<fwdEngineeringStrategyName>Single Table</fwdEngineeringStrategyName>
<growthPercent>0</growthPercent>
<growthType>Year</growthType>
<maxVolumes>9999999</maxVolumes>
<minVolumes>0</minVolumes>
<normalForm>Third</normalForm>
<attributes itemClass="oracle.dbtools.crest.model.design.logical.Attribute">
<Attribute name="cod_movimentacao" id="92BDAC07-7FC9-7A37-3F76-5A32D9D63B68">
<createdBy>cegg</createdBy>
<createdTime>2023-05-29 22:32:51 UTC</createdTime>
<ownerDesignName>modelo_relacional_logico</ownerDesignName>
<engineerTo>
<item key="0E798BAB-A22C-E3BA-B2C9-EBB5F14A9234" value="true"/>
</engineerTo>
<useDomainConstraints>false</useDomainConstraints>
<use>1</use>
<logicalDatatype>LOGDT011</logicalDatatype>
<ownDataTypeParameters>,,</ownDataTypeParameters>
</Attribute>
<Attribute name="vl_movimentacao" id="D757B410-3DF4-52EA-74D8-ACCB6A602AF4">
<createdBy>cegg</createdBy>
<createdTime>2023-05-29 22:33:16 UTC</createdTime>
<ownerDesignName>modelo_relacional_logico</ownerDesignName>
<engineerTo>
<item key="0E798BAB-A22C-E3BA-B2C9-EBB5F14A9234" value="true"/>
</engineerTo>
<useDomainConstraints>false</useDomainConstraints>
<use>1</use>
<logicalDatatype>LOGDT021</logicalDatatype>
<ownDataTypeParameters>,,</ownDataTypeParameters>
</Attribute>
<Attribute name="dt_movimentacao" id="853DA456-EC95-A6CA-7E40-0EF04E2A019E">
<createdBy>cegg</createdBy>
<createdTime>2023-05-29 22:33:37 UTC</createdTime>
<ownerDesignName>modelo_relacional_logico</ownerDesignName>
<engineerTo>
<item key="0E798BAB-A22C-E3BA-B2C9-EBB5F14A9234" value="true"/>
</engineerTo>
<useDomainConstraints>false</useDomainConstraints>
<use>1</use>
<logicalDatatype>LOGDT007</logicalDatatype>
<ownDataTypeParameters>,,</ownDataTypeParameters>
</Attribute>
<Attribute name="card_number" id="EFD3972D-E29F-D9D5-222F-0BCCF9DE295D">
<createdBy>cegg</createdBy>
<createdTime>2023-05-29 22:36:32 UTC</createdTime>
<generatorID>6C5EA2DC-92D6-4E36-11E4-B09A5BFE6294</generatorID>
<ownerDesignName>modelo_relacional_logico</ownerDesignName>
<engineerTo>
<item key="0E798BAB-A22C-E3BA-B2C9-EBB5F14A9234" value="true"/>
</engineerTo>
<referedAttribute>879320F4-F88D-6673-F1A7-D0749D86DEF7</referedAttribute>
<useDomainConstraints>false</useDomainConstraints>
<use>1</use>
<logicalDatatype>LOGDT011</logicalDatatype>
<ownDataTypeParameters>,,</ownDataTypeParameters>
</Attribute>
</attributes>
<identifiers itemClass="oracle.dbtools.crest.model.design.logical.CandidateKey">
<identifier id="D0BC5561-D380-A59D-623F-4C938651D1D7" name="T_MOVIMENTACAO PK">
<createdBy>cegg</createdBy>
<createdTime>2023-05-29 22:33:02 UTC</createdTime>
<ownerDesignName>modelo_relacional_logico</ownerDesignName>
<engineerTo>
<item key="0E798BAB-A22C-E3BA-B2C9-EBB5F14A9234" value="true"/>
</engineerTo>
<pk>true</pk>
<usedAttributes>
<attributeRef>92BDAC07-7FC9-7A37-3F76-5A32D9D63B68</attributeRef>
</usedAttributes>
</identifier>
</identifiers>
</Entity>