<?xml version = '1.0' encoding = 'UTF-8'?>
<Entity class="oracle.dbtools.crest.model.design.logical.Entity" directorySegmentName="seg_0" id="B10DF051-B3B5-64A6-9622-9AB31A275B83" name="T_USER">
<createdBy>cegg</createdBy>
<createdTime>2023-05-29 22:09:59 UTC</createdTime>
<ownerDesignName>modelo_relacional_logico</ownerDesignName>
<engineerTo>
<item key="0E798BAB-A22C-E3BA-B2C9-EBB5F14A9234" value="true"/>
</engineerTo>
<adequatelyNormalized>NO</adequatelyNormalized>
<expectedVolumes>0</expectedVolumes>
<fwdEngineeringStrategyName>Single Table</fwdEngineeringStrategyName>
<growthPercent>0</growthPercent>
<growthType>Year</growthType>
<maxVolumes>9999999</maxVolumes>
<minVolumes>0</minVolumes>
<normalForm>Third</normalForm>
<attributes itemClass="oracle.dbtools.crest.model.design.logical.Attribute">
<Attribute name="cod_user" id="93C14A29-0AD4-5DF4-EC94-A44A87763C7D">
<createdBy>cegg</createdBy>
<createdTime>2023-05-29 22:12:35 UTC</createdTime>
<ownerDesignName>modelo_relacional_logico</ownerDesignName>
<engineerTo>
<item key="0E798BAB-A22C-E3BA-B2C9-EBB5F14A9234" value="true"/>
</engineerTo>
<useDomainConstraints>false</useDomainConstraints>
<use>1</use>
<logicalDatatype>LOGDT011</logicalDatatype>
<ownDataTypeParameters>,,</ownDataTypeParameters>
</Attribute>
<Attribute name="nm_user" id="DC3816C4-C5D6-36F0-5CA6-FC68E53F9177">
<createdBy>cegg</createdBy>
<createdTime>2023-05-29 22:13:49 UTC</createdTime>
<ownerDesignName>modelo_relacional_logico</ownerDesignName>
<engineerTo>
<item key="0E798BAB-A22C-E3BA-B2C9-EBB5F14A9234" value="true"/>
</engineerTo>
<useDomainConstraints>false</useDomainConstraints>
<use>1</use>
<logicalDatatype>LOGDT024</logicalDatatype>
<dataTypeSize>20</dataTypeSize>
<ownDataTypeParameters>20,,</ownDataTypeParameters>
</Attribute>
<Attribute name="password" id="EE8FE2D5-BB2C-9CE0-FBF7-1CD4571EC0AD">
<createdBy>cegg</createdBy>
<createdTime>2023-05-29 22:14:33 UTC</createdTime>
<ownerDesignName>modelo_relacional_logico</ownerDesignName>
<engineerTo>
<item key="0E798BAB-A22C-E3BA-B2C9-EBB5F14A9234" value="true"/>
</engineerTo>
<useDomainConstraints>false</useDomainConstraints>
<use>1</use>
<logicalDatatype>LOGDT024</logicalDatatype>
<dataTypeSize>12</dataTypeSize>
<ownDataTypeParameters>12,,</ownDataTypeParameters>
</Attribute>
</attributes>
<identifiers itemClass="oracle.dbtools.crest.model.design.logical.CandidateKey">
<identifier id="2FCD7663-047A-1BB2-5AD2-12DD8E659482" name="T_USER PK">
<createdBy>cegg</createdBy>
<createdTime>2023-05-29 22:13:47 UTC</createdTime>
<ownerDesignName>modelo_relacional_logico</ownerDesignName>
<engineerTo>
<item key="0E798BAB-A22C-E3BA-B2C9-EBB5F14A9234" value="true"/>
</engineerTo>
<pk>true</pk>
<usedAttributes>
<attributeRef>93C14A29-0AD4-5DF4-EC94-A44A87763C7D</attributeRef>
</usedAttributes>
</identifier>
</identifiers>
</Entity>