<?xml version = '1.0' encoding = 'UTF-8'?>
<Entity class="oracle.dbtools.crest.model.design.logical.Entity" directorySegmentName="seg_0" id="C27ACF72-8D3A-1D09-C6A9-7A4A284AADEE" name="T_INVESTIMENTO">
<createdBy>cegg</createdBy>
<createdTime>2023-05-29 22:15:25 UTC</createdTime>
<ownerDesignName>modelo_relacional_logico</ownerDesignName>
<engineerTo>
<item key="0E798BAB-A22C-E3BA-B2C9-EBB5F14A9234" value="true"/>
</engineerTo>
<adequatelyNormalized>NO</adequatelyNormalized>
<expectedVolumes>0</expectedVolumes>
<fwdEngineeringStrategyName>Single Table</fwdEngineeringStrategyName>
<growthPercent>0</growthPercent>
<growthType>Year</growthType>
<maxVolumes>9999999</maxVolumes>
<minVolumes>0</minVolumes>
<normalForm>Third</normalForm>
<attributes itemClass="oracle.dbtools.crest.model.design.logical.Attribute">
<Attribute name="cod_investimento" id="91ECF9A8-395F-8448-ABE4-438D8AFBF136">
<createdBy>cegg</createdBy>
<createdTime>2023-05-29 22:20:46 UTC</createdTime>
<ownerDesignName>modelo_relacional_logico</ownerDesignName>
<engineerTo>
<item key="0E798BAB-A22C-E3BA-B2C9-EBB5F14A9234" value="true"/>
</engineerTo>
<useDomainConstraints>false</useDomainConstraints>
<use>1</use>
<logicalDatatype>LOGDT011</logicalDatatype>
<ownDataTypeParameters>,,</ownDataTypeParameters>
</Attribute>
<Attribute name="tipo_investimento" id="A569EE4E-D336-449C-AEB3-D1D826141003">
<createdBy>cegg</createdBy>
<createdTime>2023-05-29 22:21:23 UTC</createdTime>
<ownerDesignName>modelo_relacional_logico</ownerDesignName>
<engineerTo>
<item key="0E798BAB-A22C-E3BA-B2C9-EBB5F14A9234" value="true"/>
</engineerTo>
<useDomainConstraints>false</useDomainConstraints>
<use>1</use>
<logicalDatatype>LOGDT024</logicalDatatype>
<dataTypeSize>20</dataTypeSize>
<ownDataTypeParameters>20,,</ownDataTypeParameters>
</Attribute>
<Attribute name="rendimento_investimento" id="4B900522-C9DB-506A-F424-B5141B670A97">
<createdBy>cegg</createdBy>
<createdTime>2023-05-29 22:22:13 UTC</createdTime>
<ownerDesignName>modelo_relacional_logico</ownerDesignName>
<engineerTo>
<item key="0E798BAB-A22C-E3BA-B2C9-EBB5F14A9234" value="true"/>
</engineerTo>
<useDomainConstraints>false</useDomainConstraints>
<use>1</use>
<logicalDatatype>LOGDT021</logicalDatatype>
<ownDataTypeParameters>,,</ownDataTypeParameters>
</Attribute>
<Attribute name="vl_aplicado" id="F8F855F6-E44C-2098-B1C4-8766C40651C2">
<createdBy>cegg</createdBy>
<createdTime>2023-05-29 22:23:11 UTC</createdTime>
<ownerDesignName>modelo_relacional_logico</ownerDesignName>
<engineerTo>
<item key="0E798BAB-A22C-E3BA-B2C9-EBB5F14A9234" value="true"/>
</engineerTo>
<useDomainConstraints>false</useDomainConstraints>
<use>1</use>
<logicalDatatype>LOGDT021</logicalDatatype>
<ownDataTypeParameters>,,</ownDataTypeParameters>
</Attribute>
<Attribute name="cod_user" id="0E21D972-858C-26E2-6358-0F522381F3B3">
<createdBy>cegg</createdBy>
<createdTime>2023-05-29 22:35:43 UTC</createdTime>
<generatorID>53212DCD-BB25-93A4-81F5-800B1126F86F</generatorID>
<ownerDesignName>modelo_relacional_logico</ownerDesignName>
<engineerTo>
<item key="0E798BAB-A22C-E3BA-B2C9-EBB5F14A9234" value="true"/>
</engineerTo>
<referedAttribute>93C14A29-0AD4-5DF4-EC94-A44A87763C7D</referedAttribute>
<useDomainConstraints>false</useDomainConstraints>
<use>1</use>
<logicalDatatype>LOGDT011</logicalDatatype>
<ownDataTypeParameters>,,</ownDataTypeParameters>
</Attribute>
</attributes>
<identifiers itemClass="oracle.dbtools.crest.model.design.logical.CandidateKey">
<identifier id="E527539E-8EAE-DAF4-E0F6-070E90AA2F50" name="T_INVESTIMENTO PK">
<createdBy>cegg</createdBy>
<createdTime>2023-05-29 22:20:47 UTC</createdTime>
<ownerDesignName>modelo_relacional_logico</ownerDesignName>
<engineerTo>
<item key="0E798BAB-A22C-E3BA-B2C9-EBB5F14A9234" value="true"/>
</engineerTo>
<pk>true</pk>
<usedAttributes>
<attributeRef>91ECF9A8-395F-8448-ABE4-438D8AFBF136</attributeRef>
</usedAttributes>
</identifier>
</identifiers>
</Entity>