<?xml version = '1.0' encoding = 'UTF-8'?>
<Table class="oracle.dbtools.crest.model.design.relational.Table" directorySegmentName="seg_0" id="0B15A723-B7BD-0EA9-50F7-5D5F488ABC8C" name="T_INVESTIMENTO">
<createdBy>cegg</createdBy>
<createdTime>2023-05-29 22:36:58 UTC</createdTime>
<generatorID>C27ACF72-8D3A-1D09-C6A9-7A4A284AADEE</generatorID>
<ownerDesignName>modelo_relacional_logico</ownerDesignName>
<allowColumnReorder>false</allowColumnReorder>
<existDependencyGenerateInDDl>true</existDependencyGenerateInDDl>
<parsed>true</parsed>
<columns itemClass="oracle.dbtools.crest.model.design.relational.Column">
<Column name="cod_investimento" id="00893EE5-21C9-114D-29E7-446F7A8A6EBA">
<createdBy>cegg</createdBy>
<createdTime>2023-05-29 22:36:58 UTC</createdTime>
<generatorID>91ECF9A8-395F-8448-ABE4-438D8AFBF136</generatorID>
<ownerDesignName>modelo_relacional_logico</ownerDesignName>
<useDomainConstraints>false</useDomainConstraints>
<use>1</use>
<logicalDatatype>LOGDT011</logicalDatatype>
<ownDataTypeParameters>,,</ownDataTypeParameters>
<autoIncrementCycle>false</autoIncrementCycle>
</Column>
<Column name="tipo_investimento" id="428528D5-394B-7FF3-695B-CDBE1E73C0EA">
<createdBy>cegg</createdBy>
<createdTime>2023-05-29 22:36:58 UTC</createdTime>
<generatorID>A569EE4E-D336-449C-AEB3-D1D826141003</generatorID>
<ownerDesignName>modelo_relacional_logico</ownerDesignName>
<useDomainConstraints>false</useDomainConstraints>
<use>1</use>
<logicalDatatype>LOGDT024</logicalDatatype>
<dataTypeSize>20</dataTypeSize>
<ownDataTypeParameters>20,,</ownDataTypeParameters>
<autoIncrementCycle>false</autoIncrementCycle>
</Column>
<Column name="rendimento_investimento" id="D777C78C-BC6B-D04B-21D0-34FDEBF800E3">
<createdBy>cegg</createdBy>
<createdTime>2023-05-29 22:36:58 UTC</createdTime>
<generatorID>4B900522-C9DB-506A-F424-B5141B670A97</generatorID>
<ownerDesignName>modelo_relacional_logico</ownerDesignName>
<useDomainConstraints>false</useDomainConstraints>
<use>1</use>
<logicalDatatype>LOGDT021</logicalDatatype>
<ownDataTypeParameters>,,</ownDataTypeParameters>
<autoIncrementCycle>false</autoIncrementCycle>
</Column>
<Column name="vl_aplicado" id="4C0270D9-8F1A-33B4-37C1-8A1EF98A1E9E">
<createdBy>cegg</createdBy>
<createdTime>2023-05-29 22:36:58 UTC</createdTime>
<generatorID>F8F855F6-E44C-2098-B1C4-8766C40651C2</generatorID>
<ownerDesignName>modelo_relacional_logico</ownerDesignName>
<useDomainConstraints>false</useDomainConstraints>
<use>1</use>
<logicalDatatype>LOGDT021</logicalDatatype>
<ownDataTypeParameters>,,</ownDataTypeParameters>
<autoIncrementCycle>false</autoIncrementCycle>
</Column>
<Column name="T_USER_cod_user" id="49BAE082-5D41-F7DA-880F-27EBCF28CD42">
<createdBy>cegg</createdBy>
<createdTime>2023-05-29 22:36:58 UTC</createdTime>
<generatorID>0E21D972-858C-26E2-6358-0F522381F3B3</generatorID>
<ownerDesignName>modelo_relacional_logico</ownerDesignName>
<useDomainConstraints>false</useDomainConstraints>
<use>1</use>
<logicalDatatype>LOGDT011</logicalDatatype>
<ownDataTypeParameters>,,</ownDataTypeParameters>
<previousColumn>false</previousColumn>
<autoIncrementCycle>false</autoIncrementCycle>
<associations>
<colAssociation fkAssociation="26A6A458-B53B-4B5E-5824-378118B11771" referredColumn="AB839F03-45ED-B42F-136C-79C755341DE5"/>
</associations>
</Column>
</columns>
<indexes itemClass="oracle.dbtools.crest.model.design.relational.Index">
<ind_PK_UK id="8E505A62-1FBE-0B73-D522-4114DA54E040" name="T_INVESTIMENTO_PK">
<createdBy>cegg</createdBy>
<createdTime>2023-05-29 22:36:58 UTC</createdTime>
<generatorID>E527539E-8EAE-DAF4-E0F6-070E90AA2F50</generatorID>
<ownerDesignName>modelo_relacional_logico</ownerDesignName>
<pk>true</pk>
<indexState>Primary Constraint</indexState>
<isSurrogateKey>false</isSurrogateKey>
<indexColumnUsage>
<colUsage columnID="00893EE5-21C9-114D-29E7-446F7A8A6EBA"/>
</indexColumnUsage>
</ind_PK_UK>
<ind_PK_UK id="F43D139B-C73B-6E90-386D-445B402C2803" name="T_INVESTIMENTO_T_USER_FK">
<createdBy>cegg</createdBy>
<createdTime>2023-05-29 22:36:58 UTC</createdTime>
<generatorID>53212DCD-BB25-93A4-81F5-800B1126F86F</generatorID>
<ownerDesignName>modelo_relacional_logico</ownerDesignName>
<indexState>Foreign Key</indexState>
<isSurrogateKey>false</isSurrogateKey>
<indexColumnUsage>
<colUsage columnID="49BAE082-5D41-F7DA-880F-27EBCF28CD42"/>
</indexColumnUsage>
</ind_PK_UK>
</indexes>
</Table>