<?xml version = '1.0' encoding = 'UTF-8'?>
<Table class="oracle.dbtools.crest.model.design.relational.Table" directorySegmentName="seg_0" id="2445C932-CBE8-734A-8991-DAE695890D7F" name="T_card">
<createdBy>cegg</createdBy>
<createdTime>2023-05-29 22:36:58 UTC</createdTime>
<generatorID>26DEE97C-BF56-159B-0516-B27516527549</generatorID>
<ownerDesignName>modelo_relacional_logico</ownerDesignName>
<allowColumnReorder>false</allowColumnReorder>
<existDependencyGenerateInDDl>true</existDependencyGenerateInDDl>
<parsed>true</parsed>
<columns itemClass="oracle.dbtools.crest.model.design.relational.Column">
<Column name="card_number" id="1ECC1BE1-AFEB-5774-4504-6F5A8D7AA3E1">
<createdBy>cegg</createdBy>
<createdTime>2023-05-29 22:36:58 UTC</createdTime>
<generatorID>879320F4-F88D-6673-F1A7-D0749D86DEF7</generatorID>
<ownerDesignName>modelo_relacional_logico</ownerDesignName>
<useDomainConstraints>false</useDomainConstraints>
<use>1</use>
<logicalDatatype>LOGDT011</logicalDatatype>
<ownDataTypeParameters>,,</ownDataTypeParameters>
<autoIncrementCycle>false</autoIncrementCycle>
</Column>
<Column name="fatura_atual" id="6B1CE1B3-1BB4-DB8E-FBBF-592D4967E343">
<createdBy>cegg</createdBy>
<createdTime>2023-05-29 22:36:58 UTC</createdTime>
<generatorID>0ABE3FC7-7866-1DE6-2B37-F36135FB5DFB</generatorID>
<ownerDesignName>modelo_relacional_logico</ownerDesignName>
<useDomainConstraints>false</useDomainConstraints>
<use>1</use>
<logicalDatatype>LOGDT021</logicalDatatype>
<ownDataTypeParameters>,,</ownDataTypeParameters>
<autoIncrementCycle>false</autoIncrementCycle>
</Column>
<Column name="vencimento_fatura" id="82FBE002-7D69-ADEE-71A6-4379CAA789C6">
<createdBy>cegg</createdBy>
<createdTime>2023-05-29 22:36:58 UTC</createdTime>
<generatorID>0298056A-8409-0776-7207-9F2ADB77DEA4</generatorID>
<ownerDesignName>modelo_relacional_logico</ownerDesignName>
<useDomainConstraints>false</useDomainConstraints>
<use>1</use>
<logicalDatatype>LOGDT007</logicalDatatype>
<ownDataTypeParameters>,,</ownDataTypeParameters>
<autoIncrementCycle>false</autoIncrementCycle>
</Column>
<Column name="T_USER_cod_user" id="3D6DB2F5-39EC-4BD0-C61D-1829C56C0C1F">
<createdBy>cegg</createdBy>
<createdTime>2023-05-29 22:36:58 UTC</createdTime>
<generatorID>0795B4B1-CCF8-2C63-A564-F05A80B79EA7</generatorID>
<ownerDesignName>modelo_relacional_logico</ownerDesignName>
<useDomainConstraints>false</useDomainConstraints>
<use>1</use>
<logicalDatatype>LOGDT011</logicalDatatype>
<ownDataTypeParameters>,,</ownDataTypeParameters>
<previousColumn>false</previousColumn>
<autoIncrementCycle>false</autoIncrementCycle>
<associations>
<colAssociation fkAssociation="98C55850-1909-263D-8260-6FAA92860918" referredColumn="AB839F03-45ED-B42F-136C-79C755341DE5"/>
</associations>
</Column>
</columns>
<indexes itemClass="oracle.dbtools.crest.model.design.relational.Index">
<ind_PK_UK id="FDA0DC1B-AA66-BBC1-E11D-833D61A139B4" name="T_card_PK">
<createdBy>cegg</createdBy>
<createdTime>2023-05-29 22:36:58 UTC</createdTime>
<generatorID>F62FCC5A-070A-C6F1-C81E-558367761047</generatorID>
<ownerDesignName>modelo_relacional_logico</ownerDesignName>
<pk>true</pk>
<indexState>Primary Constraint</indexState>
<isSurrogateKey>false</isSurrogateKey>
<indexColumnUsage>
<colUsage columnID="1ECC1BE1-AFEB-5774-4504-6F5A8D7AA3E1"/>
</indexColumnUsage>
</ind_PK_UK>
<ind_PK_UK id="0DDDD559-E95F-0EA4-84FB-DAA5315DDED3" name="T_card_T_USER_FK">
<createdBy>cegg</createdBy>
<createdTime>2023-05-29 22:36:58 UTC</createdTime>
<generatorID>F02E1941-EE7D-4D86-BFC3-B14601A27EF2</generatorID>
<ownerDesignName>modelo_relacional_logico</ownerDesignName>
<indexState>Foreign Key</indexState>
<isSurrogateKey>false</isSurrogateKey>
<indexColumnUsage>
<colUsage columnID="3D6DB2F5-39EC-4BD0-C61D-1829C56C0C1F"/>
</indexColumnUsage>
</ind_PK_UK>
</indexes>
</Table>