<?xml version = '1.0' encoding = 'UTF-8'?>
<Table class="oracle.dbtools.crest.model.design.relational.Table" directorySegmentName="seg_0" id="53AF9264-F6A9-2BAA-76B7-A28358C33618" name="T_MOVIMENTACAO">
<createdBy>cegg</createdBy>
<createdTime>2023-05-29 22:36:58 UTC</createdTime>
<generatorID>A7D33B4C-A3B7-0CC1-0515-0F8D3A53BE3D</generatorID>
<ownerDesignName>modelo_relacional_logico</ownerDesignName>
<allowColumnReorder>false</allowColumnReorder>
<existDependencyGenerateInDDl>true</existDependencyGenerateInDDl>
<parsed>true</parsed>
<columns itemClass="oracle.dbtools.crest.model.design.relational.Column">
<Column name="cod_movimentacao" id="5C3EBC15-BE3A-5CE7-67A1-6E6FF4E602B6">
<createdBy>cegg</createdBy>
<createdTime>2023-05-29 22:36:58 UTC</createdTime>
<generatorID>92BDAC07-7FC9-7A37-3F76-5A32D9D63B68</generatorID>
<ownerDesignName>modelo_relacional_logico</ownerDesignName>
<useDomainConstraints>false</useDomainConstraints>
<use>1</use>
<logicalDatatype>LOGDT011</logicalDatatype>
<ownDataTypeParameters>,,</ownDataTypeParameters>
<autoIncrementCycle>false</autoIncrementCycle>
</Column>
<Column name="vl_movimentacao" id="EE3B7873-C479-1F0A-D429-FBC2C6F0FF34">
<createdBy>cegg</createdBy>
<createdTime>2023-05-29 22:36:58 UTC</createdTime>
<generatorID>D757B410-3DF4-52EA-74D8-ACCB6A602AF4</generatorID>
<ownerDesignName>modelo_relacional_logico</ownerDesignName>
<useDomainConstraints>false</useDomainConstraints>
<use>1</use>
<logicalDatatype>LOGDT021</logicalDatatype>
<ownDataTypeParameters>,,</ownDataTypeParameters>
<autoIncrementCycle>false</autoIncrementCycle>
</Column>
<Column name="dt_movimentacao" id="E2672524-FE08-F786-9A05-53E23A4F9F0A">
<createdBy>cegg</createdBy>
<createdTime>2023-05-29 22:36:58 UTC</createdTime>
<generatorID>853DA456-EC95-A6CA-7E40-0EF04E2A019E</generatorID>
<ownerDesignName>modelo_relacional_logico</ownerDesignName>
<useDomainConstraints>false</useDomainConstraints>
<use>1</use>
<logicalDatatype>LOGDT007</logicalDatatype>
<ownDataTypeParameters>,,</ownDataTypeParameters>
<autoIncrementCycle>false</autoIncrementCycle>
</Column>
<Column name="T_card_card_number" id="5C6C0C16-B0A1-00FC-82DB-8C71785011C7">
<createdBy>cegg</createdBy>
<createdTime>2023-05-29 22:36:58 UTC</createdTime>
<generatorID>EFD3972D-E29F-D9D5-222F-0BCCF9DE295D</generatorID>
<ownerDesignName>modelo_relacional_logico</ownerDesignName>
<useDomainConstraints>false</useDomainConstraints>
<use>1</use>
<logicalDatatype>LOGDT011</logicalDatatype>
<ownDataTypeParameters>,,</ownDataTypeParameters>
<previousColumn>false</previousColumn>
<autoIncrementCycle>false</autoIncrementCycle>
<associations>
<colAssociation fkAssociation="6CE0E86D-CE0A-211C-6718-3C5C21FC0B89" referredColumn="1ECC1BE1-AFEB-5774-4504-6F5A8D7AA3E1"/>
</associations>
</Column>
</columns>
<indexes itemClass="oracle.dbtools.crest.model.design.relational.Index">
<ind_PK_UK id="741FEDFE-7FE0-C08F-E294-0450E0E266B3" name="T_MOVIMENTACAO_PK">
<createdBy>cegg</createdBy>
<createdTime>2023-05-29 22:36:58 UTC</createdTime>
<generatorID>D0BC5561-D380-A59D-623F-4C938651D1D7</generatorID>
<ownerDesignName>modelo_relacional_logico</ownerDesignName>
<pk>true</pk>
<indexState>Primary Constraint</indexState>
<isSurrogateKey>false</isSurrogateKey>
<indexColumnUsage>
<colUsage columnID="5C3EBC15-BE3A-5CE7-67A1-6E6FF4E602B6"/>
</indexColumnUsage>
</ind_PK_UK>
<ind_PK_UK id="392673D0-848E-2989-D57B-D8F0EB123997" name="T_MOVIMENTACAO_T_card_FK">
<createdBy>cegg</createdBy>
<createdTime>2023-05-29 22:36:58 UTC</createdTime>
<generatorID>6C5EA2DC-92D6-4E36-11E4-B09A5BFE6294</generatorID>
<ownerDesignName>modelo_relacional_logico</ownerDesignName>
<indexState>Foreign Key</indexState>
<isSurrogateKey>false</isSurrogateKey>
<indexColumnUsage>
<colUsage columnID="5C6C0C16-B0A1-00FC-82DB-8C71785011C7"/>
</indexColumnUsage>
</ind_PK_UK>
</indexes>
</Table>