<?xml version = '1.0' encoding = 'UTF-8'?>
<Table class="oracle.dbtools.crest.model.design.relational.Table" directorySegmentName="seg_0" id="76DB2205-5352-0849-3366-9D2C5B3A62B4" name="T_USER">
<createdBy>cegg</createdBy>
<createdTime>2023-05-29 22:36:58 UTC</createdTime>
<generatorID>B10DF051-B3B5-64A6-9622-9AB31A275B83</generatorID>
<ownerDesignName>modelo_relacional_logico</ownerDesignName>
<allowColumnReorder>false</allowColumnReorder>
<existDependencyGenerateInDDl>true</existDependencyGenerateInDDl>
<parsed>true</parsed>
<columns itemClass="oracle.dbtools.crest.model.design.relational.Column">
<Column name="cod_user" id="AB839F03-45ED-B42F-136C-79C755341DE5">
<createdBy>cegg</createdBy>
<createdTime>2023-05-29 22:36:58 UTC</createdTime>
<generatorID>93C14A29-0AD4-5DF4-EC94-A44A87763C7D</generatorID>
<ownerDesignName>modelo_relacional_logico</ownerDesignName>
<useDomainConstraints>false</useDomainConstraints>
<use>1</use>
<logicalDatatype>LOGDT011</logicalDatatype>
<ownDataTypeParameters>,,</ownDataTypeParameters>
<autoIncrementCycle>false</autoIncrementCycle>
</Column>
<Column name="nm_user" id="BADB0CCE-D73F-0F4F-AFDE-366D11F134EB">
<createdBy>cegg</createdBy>
<createdTime>2023-05-29 22:36:58 UTC</createdTime>
<generatorID>DC3816C4-C5D6-36F0-5CA6-FC68E53F9177</generatorID>
<ownerDesignName>modelo_relacional_logico</ownerDesignName>
<useDomainConstraints>false</useDomainConstraints>
<use>1</use>
<logicalDatatype>LOGDT024</logicalDatatype>
<dataTypeSize>20</dataTypeSize>
<ownDataTypeParameters>20,,</ownDataTypeParameters>
<autoIncrementCycle>false</autoIncrementCycle>
</Column>
<Column name="password" id="C4ACD02F-5F48-EAE1-D01C-1E04A80D1BEA">
<createdBy>cegg</createdBy>
<createdTime>2023-05-29 22:36:58 UTC</createdTime>
<generatorID>EE8FE2D5-BB2C-9CE0-FBF7-1CD4571EC0AD</generatorID>
<ownerDesignName>modelo_relacional_logico</ownerDesignName>
<useDomainConstraints>false</useDomainConstraints>
<use>1</use>
<logicalDatatype>LOGDT024</logicalDatatype>
<dataTypeSize>12</dataTypeSize>
<ownDataTypeParameters>12,,</ownDataTypeParameters>
<autoIncrementCycle>false</autoIncrementCycle>
</Column>
</columns>
<indexes itemClass="oracle.dbtools.crest.model.design.relational.Index">
<ind_PK_UK id="81F07BD2-684C-4E2E-2346-DBCCF1BD3547" name="T_USER_PK">
<createdBy>cegg</createdBy>
<createdTime>2023-05-29 22:36:58 UTC</createdTime>
<generatorID>2FCD7663-047A-1BB2-5AD2-12DD8E659482</generatorID>
<ownerDesignName>modelo_relacional_logico</ownerDesignName>
<pk>true</pk>
<indexState>Primary Constraint</indexState>
<isSurrogateKey>false</isSurrogateKey>
<indexColumnUsage>
<colUsage columnID="AB839F03-45ED-B42F-136C-79C755341DE5"/>
</indexColumnUsage>
</ind_PK_UK>
</indexes>
</Table>