<?xml version = '1.0' encoding = 'UTF-8'?>
<Relation class="oracle.dbtools.crest.model.design.logical.Relation" name="Relation_1" directorySegmentName="seg_0" id="53212DCD-BB25-93A4-81F5-800B1126F86F">
<createdBy>cegg</createdBy>
<createdTime>2023-05-29 22:35:43 UTC</createdTime>
<ownerDesignName>modelo_relacional_logico</ownerDesignName>
<engineerTo>
<item key="0E798BAB-A22C-E3BA-B2C9-EBB5F14A9234" value="true"/>
</engineerTo>
<sourcePk>2FCD7663-047A-1BB2-5AD2-12DD8E659482</sourcePk>
<identifying>false</identifying>
<optionalSource>true</optionalSource>
<optionalTarget>false</optionalTarget>
<sourceCardinality>1</sourceCardinality>
<sourceEntity>B10DF051-B3B5-64A6-9622-9AB31A275B83</sourceEntity>
<targetCardinalityString>*</targetCardinalityString>
<targetEntity>C27ACF72-8D3A-1D09-C6A9-7A4A284AADEE</targetEntity>
<transferable>true</transferable>
<deleteRule>NO ACTION</deleteRule>
</Relation>