<?xml version = '1.0' encoding = 'UTF-8'?>
<Relation class="oracle.dbtools.crest.model.design.logical.Relation" name="Relation_3" directorySegmentName="seg_0" id="6C5EA2DC-92D6-4E36-11E4-B09A5BFE6294">
<createdBy>cegg</createdBy>
<createdTime>2023-05-29 22:36:32 UTC</createdTime>
<ownerDesignName>modelo_relacional_logico</ownerDesignName>
<engineerTo>
<item key="0E798BAB-A22C-E3BA-B2C9-EBB5F14A9234" value="true"/>
</engineerTo>
<sourcePk>F62FCC5A-070A-C6F1-C81E-558367761047</sourcePk>
<identifying>false</identifying>
<optionalSource>true</optionalSource>
<optionalTarget>false</optionalTarget>
<sourceCardinality>1</sourceCardinality>
<sourceEntity>26DEE97C-BF56-159B-0516-B27516527549</sourceEntity>
<targetCardinalityString>*</targetCardinalityString>
<targetEntity>A7D33B4C-A3B7-0CC1-0515-0F8D3A53BE3D</targetEntity>
<transferable>true</transferable>
<deleteRule>NO ACTION</deleteRule>
</Relation>