<?xml version = '1.0' encoding = 'UTF-8'?>
<Relation class="oracle.dbtools.crest.model.design.logical.Relation" name="Relation_2" directorySegmentName="seg_0" id="F02E1941-EE7D-4D86-BFC3-B14601A27EF2">
<createdBy>cegg</createdBy>
<createdTime>2023-05-29 22:36:05 UTC</createdTime>
<ownerDesignName>modelo_relacional_logico</ownerDesignName>
<engineerTo>
<item key="0E798BAB-A22C-E3BA-B2C9-EBB5F14A9234" value="true"/>
</engineerTo>
<sourcePk>2FCD7663-047A-1BB2-5AD2-12DD8E659482</sourcePk>
<identifying>false</identifying>
<optionalSource>true</optionalSource>
<optionalTarget>false</optionalTarget>
<sourceCardinality>1</sourceCardinality>
<sourceEntity>B10DF051-B3B5-64A6-9622-9AB31A275B83</sourceEntity>
<targetCardinalityString>*</targetCardinalityString>
<targetEntity>26DEE97C-BF56-159B-0516-B27516527549</targetEntity>
<transferable>true</transferable>
<deleteRule>NO ACTION</deleteRule>
</Relation>