<?xml version = '1.0' encoding = 'UTF-8'?>
<Diagram class="oracle.dbtools.crest.swingui.logical.DPVLogical" name="Logical" id="4CD4D41D-EC41-EC1B-83BA-7947207967E7">
<createdBy>cegg</createdBy>
<modifiedBy>cegg</modifiedBy>
<createdTime>2023-05-29 22:09:59 UTC</createdTime>
<autoRoute>false</autoRoute>
<boxInbox>true</boxInbox>
<showLegend>false</showLegend>
<showLabels>false</showLabels>
<showRelAttributes>false</showRelAttributes>
<gridEnabled>false</gridEnabled>
<showGrid>false</showGrid>
<diagramColor>-1</diagramColor>
<display>false</display>
<notation>1</notation>
<objectViews>
<OView class="oracle.dbtools.crest.swingui.logical.TVEntity" oid="26DEE97C-BF56-159B-0516-B27516527549" otype="Entity" vid="11CED001-E7B9-D0AE-68EF-A62834FD3ADB">
<hideElementsInCurrentOnly>false</hideElementsInCurrentOnly>
<bounds x="26" y="169" width="162" height="97"/>
</OView>
<OView class="oracle.dbtools.crest.swingui.logical.TVEntity" oid="A7D33B4C-A3B7-0CC1-0515-0F8D3A53BE3D" otype="Entity" vid="C6DF8273-C242-3A99-49EC-77ED3FF27B15">
<hideElementsInCurrentOnly>false</hideElementsInCurrentOnly>
<bounds x="228" y="173" width="178" height="95"/>
</OView>
<OView class="oracle.dbtools.crest.swingui.logical.TVEntity" oid="B10DF051-B3B5-64A6-9622-9AB31A275B83" otype="Entity" vid="E8C76FFE-3A5E-35CF-2361-1148F1E03FE8">
<hideElementsInCurrentOnly>false</hideElementsInCurrentOnly>
<bounds x="25" y="16" width="157" height="102"/>
</OView>
<OView class="oracle.dbtools.crest.swingui.logical.TVEntity" oid="C27ACF72-8D3A-1D09-C6A9-7A4A284AADEE" otype="Entity" vid="C3CE2B47-B8ED-EDF7-0475-8BEA4E594CCE">
<hideElementsInCurrentOnly>false</hideElementsInCurrentOnly>
<bounds x="209" y="19" width="183" height="94"/>
</OView>
</objectViews>
<connectors>
<Connector class="oracle.dbtools.crest.swingui.logical.TVRelation" oid="53212DCD-BB25-93A4-81F5-800B1126F86F" otype="Relation" vid_source="E8C76FFE-3A5E-35CF-2361-1148F1E03FE8" vid_target="C3CE2B47-B8ED-EDF7-0475-8BEA4E594CCE">
<hideElementsInCurrentOnly>false</hideElementsInCurrentOnly>
<backgroundColor>-16777216</backgroundColor>
<lineWidth>1</lineWidth>
<points>
<point x="182" y="66"/>
<point x="209" y="66"/>
</points>
</Connector>
<Connector class="oracle.dbtools.crest.swingui.logical.TVRelation" oid="6C5EA2DC-92D6-4E36-11E4-B09A5BFE6294" otype="Relation" vid_source="11CED001-E7B9-D0AE-68EF-A62834FD3ADB" vid_target="C6DF8273-C242-3A99-49EC-77ED3FF27B15">
<hideElementsInCurrentOnly>false</hideElementsInCurrentOnly>
<backgroundColor>-16777216</backgroundColor>
<lineWidth>1</lineWidth>
<points>
<point x="188" y="219"/>
<point x="228" y="219"/>
</points>
</Connector>
<Connector class="oracle.dbtools.crest.swingui.logical.TVRelation" oid="F02E1941-EE7D-4D86-BFC3-B14601A27EF2" otype="Relation" vid_source="E8C76FFE-3A5E-35CF-2361-1148F1E03FE8" vid_target="11CED001-E7B9-D0AE-68EF-A62834FD3ADB">
<hideElementsInCurrentOnly>false</hideElementsInCurrentOnly>
<backgroundColor>-16777216</backgroundColor>
<lineWidth>1</lineWidth>
<points>
<point x="104" y="118"/>
<point x="104" y="169"/>
</points>
</Connector>
</connectors>
</Diagram>