<?xml version = '1.0' encoding = 'UTF-8'?>
<relationalModel class="oracle.dbtools.crest.model.design.relational.RelationalDesign" name="Relational_1" id="0E798BAB-A22C-E3BA-B2C9-EBB5F14A9234" mainViewID="0A408687-18F2-5ECC-721F-32E1EC89D206">
<createdBy>cegg</createdBy>
<createdTime>2023-05-29 22:09:04 UTC</createdTime>
<ownerDesignName>modelo_relacional_logico</ownerDesignName>
<shouldBeOpen>false</shouldBeOpen>
<selectedRDBMSSite>32076570-2523-435C-2E92-BF29817DFF70</selectedRDBMSSite>
</relationalModel>