<?xml version = '1.0' encoding = 'UTF-8'?>
<FKIndexAssociation class="oracle.dbtools.crest.model.design.relational.FKIndexAssociation" directorySegmentName="seg_0" id="26A6A458-B53B-4B5E-5824-378118B11771" containerWithKeyObject="0B15A723-B7BD-0EA9-50F7-5D5F488ABC8C" localFKIndex="F43D139B-C73B-6E90-386D-445B402C2803" name="T_INVESTIMENTO_T_USER_FK">
<createdBy>cegg</createdBy>
<createdTime>2023-05-29 22:36:58 UTC</createdTime>
<generatorID>53212DCD-BB25-93A4-81F5-800B1126F86F</generatorID>
<ownerDesignName>modelo_relacional_logico</ownerDesignName>
<referredTableLongName>T_USER</referredTableLongName>
<deleteRule>NO ACTION</deleteRule>
<referredTableID>76DB2205-5352-0849-3366-9D2C5B3A62B4</referredTableID>
<keyObject>81F07BD2-684C-4E2E-2346-DBCCF1BD3547</keyObject>
<referredKeyID>81F07BD2-684C-4E2E-2346-DBCCF1BD3547</referredKeyID>
<mandatory>true</mandatory>
<refColNames>cod_user</refColNames>
<transferable>true</transferable>
<rely>false</rely>
<columnDependencyConstraintGenerateInDDL>true</columnDependencyConstraintGenerateInDDL>
</FKIndexAssociation>