<?xml version = '1.0' encoding = 'UTF-8'?>
<FKIndexAssociation class="oracle.dbtools.crest.model.design.relational.FKIndexAssociation" directorySegmentName="seg_0" id="6CE0E86D-CE0A-211C-6718-3C5C21FC0B89" containerWithKeyObject="53AF9264-F6A9-2BAA-76B7-A28358C33618" localFKIndex="392673D0-848E-2989-D57B-D8F0EB123997" name="T_MOVIMENTACAO_T_card_FK">
<createdBy>cegg</createdBy>
<createdTime>2023-05-29 22:36:58 UTC</createdTime>
<generatorID>6C5EA2DC-92D6-4E36-11E4-B09A5BFE6294</generatorID>
<ownerDesignName>modelo_relacional_logico</ownerDesignName>
<referredTableLongName>T_card</referredTableLongName>
<deleteRule>NO ACTION</deleteRule>
<referredTableID>2445C932-CBE8-734A-8991-DAE695890D7F</referredTableID>
<keyObject>FDA0DC1B-AA66-BBC1-E11D-833D61A139B4</keyObject>
<referredKeyID>FDA0DC1B-AA66-BBC1-E11D-833D61A139B4</referredKeyID>
<mandatory>true</mandatory>
<refColNames>card_number</refColNames>
<transferable>true</transferable>
<rely>false</rely>
<columnDependencyConstraintGenerateInDDL>true</columnDependencyConstraintGenerateInDDL>
</FKIndexAssociation>