<?xml version = '1.0' encoding = 'UTF-8'?>
<FKIndexAssociation class="oracle.dbtools.crest.model.design.relational.FKIndexAssociation" directorySegmentName="seg_0" id="98C55850-1909-263D-8260-6FAA92860918" containerWithKeyObject="2445C932-CBE8-734A-8991-DAE695890D7F" localFKIndex="0DDDD559-E95F-0EA4-84FB-DAA5315DDED3" name="T_card_T_USER_FK">
<createdBy>cegg</createdBy>
<createdTime>2023-05-29 22:36:58 UTC</createdTime>
<generatorID>F02E1941-EE7D-4D86-BFC3-B14601A27EF2</generatorID>
<ownerDesignName>modelo_relacional_logico</ownerDesignName>
<referredTableLongName>T_USER</referredTableLongName>
<deleteRule>NO ACTION</deleteRule>
<referredTableID>76DB2205-5352-0849-3366-9D2C5B3A62B4</referredTableID>
<keyObject>81F07BD2-684C-4E2E-2346-DBCCF1BD3547</keyObject>
<referredKeyID>81F07BD2-684C-4E2E-2346-DBCCF1BD3547</referredKeyID>
<mandatory>true</mandatory>
<refColNames>cod_user</refColNames>
<transferable>true</transferable>
<rely>false</rely>
<columnDependencyConstraintGenerateInDDL>true</columnDependencyConstraintGenerateInDDL>
</FKIndexAssociation>