<?xml version = '1.0' encoding = 'UTF-8'?>
<Diagram class="oracle.dbtools.crest.swingui.relational.DPVRelational" name="Relational_1" id="0A408687-18F2-5ECC-721F-32E1EC89D206">
<createdBy>cegg</createdBy>
<modifiedBy>cegg</modifiedBy>
<createdTime>2023-05-29 22:36:58 UTC</createdTime>
<autoRoute>false</autoRoute>
<boxInbox>true</boxInbox>
<showLegend>false</showLegend>
<showLabels>false</showLabels>
<showRelAttributes>false</showRelAttributes>
<gridEnabled>false</gridEnabled>
<showGrid>false</showGrid>
<diagramColor>-1</diagramColor>
<display>false</display>
<notation>1</notation>
<objectViews>
<OView class="oracle.dbtools.crest.swingui.relational.TVTable" oid="0B15A723-B7BD-0EA9-50F7-5D5F488ABC8C" otype="Table" vid="1020CE82-249E-49EC-C904-F420D40266CF">
<hideElementsInCurrentOnly>false</hideElementsInCurrentOnly>
<bounds x="278" y="16" width="292" height="136"/>
</OView>
<OView class="oracle.dbtools.crest.swingui.relational.TVTable" oid="2445C932-CBE8-734A-8991-DAE695890D7F" otype="Table" vid="C2D4E4B1-A49D-6A6A-B9BE-10E1376896B4">
<hideElementsInCurrentOnly>false</hideElementsInCurrentOnly>
<bounds x="26" y="169" width="234" height="122"/>
</OView>
<OView class="oracle.dbtools.crest.swingui.relational.TVTable" oid="53AF9264-F6A9-2BAA-76B7-A28358C33618" otype="Table" vid="8125600C-AC3F-AA91-D883-A6DD3A67168D">
<hideElementsInCurrentOnly>false</hideElementsInCurrentOnly>
<bounds x="377" y="168" width="305" height="122"/>
</OView>
<OView class="oracle.dbtools.crest.swingui.relational.TVTable" oid="76DB2205-5352-0849-3366-9D2C5B3A62B4" otype="Table" vid="85F7C96F-CDBC-4BFA-0F16-CE02F74D92AD">
<hideElementsInCurrentOnly>false</hideElementsInCurrentOnly>
<bounds x="25" y="16" width="178" height="88"/>
</OView>
</objectViews>
<connectors>
<Connector class="oracle.dbtools.crest.swingui.relational.TVFKRelation" oid="26A6A458-B53B-4B5E-5824-378118B11771" otype="FKIndexAssociation" vid_source="85F7C96F-CDBC-4BFA-0F16-CE02F74D92AD" vid_target="1020CE82-249E-49EC-C904-F420D40266CF">
<hideElementsInCurrentOnly>false</hideElementsInCurrentOnly>
<backgroundColor>-16777216</backgroundColor>
<lineWidth>1</lineWidth>
<points>
<point x="203" y="60"/>
<point x="278" y="60"/>
</points>
</Connector>
<Connector class="oracle.dbtools.crest.swingui.relational.TVFKRelation" oid="6CE0E86D-CE0A-211C-6718-3C5C21FC0B89" otype="FKIndexAssociation" vid_source="C2D4E4B1-A49D-6A6A-B9BE-10E1376896B4" vid_target="8125600C-AC3F-AA91-D883-A6DD3A67168D">
<hideElementsInCurrentOnly>false</hideElementsInCurrentOnly>
<backgroundColor>-16777216</backgroundColor>
<lineWidth>1</lineWidth>
<points>
<point x="260" y="229"/>
<point x="377" y="229"/>
</points>
</Connector>
<Connector class="oracle.dbtools.crest.swingui.relational.TVFKRelation" oid="98C55850-1909-263D-8260-6FAA92860918" otype="FKIndexAssociation" vid_source="85F7C96F-CDBC-4BFA-0F16-CE02F74D92AD" vid_target="C2D4E4B1-A49D-6A6A-B9BE-10E1376896B4">
<hideElementsInCurrentOnly>false</hideElementsInCurrentOnly>
<backgroundColor>-16777216</backgroundColor>
<lineWidth>1</lineWidth>
<points>
<point x="104" y="104"/>
<point x="104" y="169"/>
</points>
</Connector>
</connectors>
</Diagram>